Project Code,status,Supplier Code,Part Number,Part Name,Package No,Package Volume,Part Weight,Remark,Update By,Update Date
makky,Draft,dfgdfg,number,partname,test,45.00,12.00,,Batman,18/11/2020
AD-MR-IB,Confirm,AUN,2622069,RR MEMB PIPE LH R/C,packagesNo,12.00,12.00,test,Batman,09/11/2020
AD-MR-IB,Confirm,AUN,2621970,MAIN PIPE RH R/C,packagesNo,12.00,45.00,45,Batman,09/11/2020
AD-MR-IB,Confirm,AUN,2622075,MAIN PIPE LH R/C,packagesNo,1.00,12.00,test,Batman,09/10/2020
AD-MR-IB,Confirm,AUN,1799826,ASM HR FRAME CTR,packagesNo,12.00,45.00,,Batman,02/10/2020
AD-MR-IB,Confirm,SPV,1950525,PIVOT COVER OB RH ,packagesNo,78.00,45.00,,Batman,28/09/2020
AD-MR-IB,Confirm,AUN,2621969,RR MEMB PIPE RH R/C,packagesNo,45.00,21.00,,Batman,25/09/2020
AD-MR-IB,Confirm,AUN,2527824,SUPPORT TUBE UPR,packagesNo,12.00,20.00,,Batman,25/09/2020
AD-MR-IB,Draft,XCL,EB3A-96624A35-B,REINF RR ST BK SUPT BRKT ,,,,,Batman,25/09/2020
AD-MR-IB,Draft,XCL,EB3A-96613D79-A,BRKT ASY RR ST BEL RETR MTGN,,,,,Batman,25/09/2020
AD-MR-IB,Draft,XCL,AG154410-A,FR RR ST BK UPR 60 ,,,,,Batman,25/09/2020
AD-MR-IB,Draft,XCL,AG154409-A,FR RR ST BK UPR 40 ,,,,,Batman,25/09/2020
AD-MR-IB,Confirm,AUN,2480322,UPR CROSS TUBE,packagesNo,45.00,45.00,,Batman,24/09/2020
AD-MR-IB,Confirm,XCL,EB3A-96606B09-A,REINF BRKT RR ST ,packagesNo,12.00,23.00,,Batman,24/09/2020
AD-MR-IB,Draft,XCL,EB3A-96605A39-A,BRKT RR ST CSHN SUPT FRT ,,,,,Batman,24/09/2020
AD-MR-IB,Draft,XCL,AG151344-B,FR RR ST BK CTR ,,,,,Batman,24/09/2020
AD-MR-IB,Draft,XCL,AG150201-C,RISER LINK ASSY U375 2R LH,,,,,Batman,24/09/2020
AD-MR-IB,Draft,XCL,AG150200-C,RISER LINK ASSY U375 2R RH,,,,,Batman,24/09/2020
AD-MR-IB,Draft,AAPICO,3489126,ASM RSB LATCH + 4 PRE-,,,,,Batman,24/09/2020
AD-MR-IB,Draft,AAPICO,1863665,ASM LATCH WITH STRAP RSB,,,,,Batman,24/09/2020
AD-MR-IB,Draft,XCL,1846457,BRACKET MOTOR HOLDER ,,,,,Batman,24/09/2020
AD-MR-IB,Draft,XCL,AG127557-B,PIN CTR PIVOT RSB,,,,,Batman,24/09/2020
AD-MR-IB,Draft,XCL,AG127556-B,SHAFT PVT RSB HEX OTR,,,,,Batman,24/09/2020
AD-MR-IB,Draft,XCL,AG148436-A,PLATE SBR SUPPORT RSC EXEC,,,,,Batman,24/09/2020
AD-MR-IB,Draft,XCL,EB3A-96600E76-A-TH,PAN RR ST CSHN,,,,,Batman,24/09/2020
AD-MR-IB,Draft,XCL,EB3A-96624A35-B-TH,REINF RR ST BK SUPT BRKT,,,,,Batman,24/09/2020
AD-MR-IB,Draft,XCL,EB3A-96613D79-A-TH,BRKT ASY RR ST BEL RETR MTGN,,,,,Batman,24/09/2020
AD-MR-IB,Draft,XCL,EB3A-96606B08-A-TH,REINF BRKT RR ST,,,,,Batman,24/09/2020
AD-MR-IB,Draft,XCL,EB3A-96605A39-A-TH,BRKT RR ST CSHN SUPT FRT,,,,,Batman,24/09/2020
AD-MR-IB,Draft,XCL,EB3A-96605A38-A-TH,BRKT RR ST CSHN SUPT FRT,,,,,Batman,24/09/2020
AD-MR-IB,Draft,XCL,AG154543-B,SHIM PLATE 1.2MM U375 TOWEL BAR,,,,,Batman,24/09/2020
AD-MR-IB,Draft,XCL,AG154416-A-TH,REINF RR ST BK SUPT BRKT,,,,,Batman,24/09/2020
AD-MR-IB,Draft,XCL,AG154411-A-TH,BRKT RR ST CTR,,,,,Batman,24/09/2020
AD-MR-IB,Draft,XCL,AG154410-A-TH,FR RR ST BK UPR 60,,,,,Batman,24/09/2020
AD-MR-IB,Draft,XCL,AG154409-A-TH,FR RR ST BK UPR 40,,,,,Batman,24/09/2020
AD-MR-IB,Draft,XCL,AG151829-A-TH,BRKT ASSY RR ST BELT MTNG,,,,,Batman,24/09/2020
AD-MR-IB,Draft,XCL,AG151344-B-TH,FR RR ST BK CTR,,,,,Batman,24/09/2020
AD-MR-IB,Draft,XCL,AG150499-A-TH,BRKT REINF CATCHER PIN,,,,,Batman,24/09/2020
AD-MR-IB,Draft,XCL,AG150302-A-TH,BRKT - RR ST CSHN SUPT FRT,,,,,Batman,24/09/2020
AD-MR-IB,Draft,XCL,AG150201-C-TH,RISER LINK ASSY U375 2R LH,,,,,Batman,24/09/2020
AD-MR-IB,Draft,XCL,AG150200-C-TH,RISER LINK ASSY U375 2R RH,,,,,Batman,24/09/2020
AD-MR-IB,Draft,XCL,AG141389-B-TH,FRM RSC 3R LH IB FRT LNK RVT ASY,,,,,Batman,24/09/2020
AD-MR-IB,Draft,XCL,AG141388-B-TH,FRM RSC 3R LH OB FRT LNK RVT ASY,,,,,Batman,24/09/2020
AD-MR-IB,Draft,XCL,AG141387-B-TH,FRM RSC 3R RH IB FRT LNK RVT ASY,,,,,Batman,24/09/2020
AD-MR-IB,Draft,XCL,AG141386-B-TH,FRM RSC 3R RH OB FRT LNK RVT ASY,,,,,Batman,24/09/2020
AD-MR-IB,Draft,XCL,AG141380-C-TH,CUSH SIDE MEM ASSY WELD LH,,,,,Batman,24/09/2020
AD-MR-IB,Draft,XCL,AG141379-C-TH,CUSH SIDE MEM ASSY WELD RH,,,,,Batman,24/09/2020
AD-MR-IB,Draft,XCL,3296987,CUSH SIDE FRM INR 8W PAS,,,,,Batman,24/09/2020
AD-MR-IB,Draft,XCL,3296990,CUSHION SIDE FRM ASM OTR8WAY PAS,,,,,Batman,24/09/2020
AD-MR-IB,Draft,XCL,3296993,CUSHION SIDE FRM ASM OTR8WAY DRV,,,,,Batman,24/09/2020
AD-MR-IB,Draft,XCL,3296989,CUSH SIDE FRM INR 8W DRV,,,,,Batman,24/09/2020
AD-MR-IB,Draft,XCL,2590063,ASSY RECL MOTOR BRKT,,,,,Batman,24/09/2020
AD-MR-IB,Draft,XCL,2753446,TUBE FLANGE,,,,,Batman,24/09/2020
AD-MR-IB,Draft,XCL,2675413,2PT LATCH SUPPORTBRACKET,,,,,Batman,24/09/2020
AD-MR-IB,Draft,XCL,2522745,HING FRONT INR LH,,,,,Batman,24/09/2020
AD-MR-IB,Draft,XCL,2696674,HINGE ATTACH BRACKET LH,,,,,Batman,24/09/2020
AD-MR-IB,Draft,XCL,2524290,HING FRONT INR RH,,,,,Batman,24/09/2020
AD-MR-IB,Draft,XCL,2588636,ASSY PACTH SIDEMENBERFREE HINGE,,,,,Batman,24/09/2020
AD-MR-IB,Draft,XCL,2527373,BRACKET MOTOR,,,,,Batman,24/09/2020
AD-MR-IB,Draft,XCL,2504487,CUSHION PANEL,,,,,Batman,24/09/2020
AD-MR-IB,Draft,XCL,2689982,CUSHION SLIDER BRACKET,,,,,Batman,24/09/2020
AD-MR-IB,Draft,XCL,2689981,ASSY BELT BUCKEL ATTACHMENT BRACKET,,,,,Batman,24/09/2020
AD-MR-IB,Draft,XCL,2689975,TOP TETHER,,,,,Batman,24/09/2020
AD-MR-IB,Draft,XCL,2770441,ASSY LATCH MTG BRACKET,,,,,Batman,24/09/2020
AD-MR-IB,Draft,XCL,2697839,RR MOUNTING BRKT INR RH,,,,,Batman,24/09/2020
AD-MR-IB,Draft,XCL,2697838,RR MOUNTING BRKT INR LH,,,,,Batman,24/09/2020
AD-MR-IB,Draft,XCL,2691745,HR GUIDE BRACKET RH,,,,,Batman,24/09/2020
AD-MR-IB,Draft,XCL,2690399,CUSHION SIDEMEMBER SUBASSY INNER LH,,,,,Batman,24/09/2020
AD-MR-IB,Draft,XCL,2691743,HR GUIDE BRACKET LH,,,,,Batman,24/09/2020
AD-MR-IB,Draft,XCL,2697964,ASSY HINGE BRACKET LOWER LH,,,,,Batman,24/09/2020
AD-MR-IB,Draft,XCL,2697699,BRACKET DAMPER,,,,,Batman,24/09/2020
AD-MR-IB,Draft,XCL,2689875,ARMREST HINGE BRACKET LH,,,,,Batman,24/09/2020
AD-MR-IB,Draft,XCL,2691243,FRONT CROSS TUBE 40,,,,,Batman,24/09/2020
AD-MR-IB,Draft,XCL,2787117,ASSY STRIKER BRACKET LH,,,,,Batman,24/09/2020
AD-MR-IB,Draft,XCL,2787118,ASSY STRIKER BRACKET RH,,,,,Batman,24/09/2020
AD-MR-IB,Draft,XCL,2691368,ASSY CUSHION SIDEMEMBEROUTER RH,,,,,Batman,24/09/2020
AD-MR-IB,Draft,XCL,2697975,ASSY HINGE AND TUBECONNECTION  RH,,,,,Batman,24/09/2020
AD-MR-IB,Draft,XCL,2689991,ASSY CUSHION SIDEMEMBEROUTER LH,,,,,Batman,24/09/2020
AD-MR-IB,Draft,XCL,2697974,ASSY HINGE AND TUBECONNECTION LH,,,,,Batman,24/09/2020
AD-MR-IB,Draft,XCL,2697960,ASSY HINGE BRACKET LOWER RH,,,,,Batman,24/09/2020
AD-MR-IB,Draft,XCL,1799721,STOPER PIVOT ROD,,,,,Batman,24/09/2020
AD-MR-IB,Draft,XCL,1799720,PIVOT ROD,,,,,Batman,24/09/2020
AD-MR-IB,Draft,XCL,2254222,PLUNGER BRACKET,,,,,Batman,24/09/2020
AD-MR-IB,Draft,XCL,1950280,BRACKET BACK PIVOT-RSB R,,,,,Batman,24/09/2020
AD-MR-IB,Draft,XCL,1950279,BRACKET BACK PIVOT-RSB L,,,,,Batman,24/09/2020
AD-MR-IB,Draft,XCL,1863656,BACK CORNER SUPPORT BRKT,,,,,Batman,24/09/2020
AD-MR-IB,Draft,XCL,1799706,BRACKET ARMREST MTG LH-R,,,,,Batman,24/09/2020
AD-MR-IB,Draft,XCL,1799705,BRACKET ARMREST MTG RH-R,,,,,Batman,24/09/2020
AD-MR-IB,Draft,XCL,1799693,BRACKET BACK LATCH MTG,,,,,Batman,24/09/2020
AD-MR-IB,Draft,XCL,1799692,METAL SLEEVE,,,,,Batman,24/09/2020
AD-MR-IB,Draft,XCL,2004583,C BRACKET,,,,,Batman,24/09/2020
AD-MR-IB,Draft,XCL,1956472,WIRE FOAM SUPPORT FRT VE,,,,,Batman,24/09/2020
AD-MR-IB,Draft,XCL,1950492,CUSHION PIVOT BRACKET RH,,,,,Batman,24/09/2020
AD-MR-IB,Draft,XCL,1950483,CUSHION PIVOT BRACKET LH,,,,,Batman,24/09/2020
AD-MR-IB,Draft,XCL,1799812,FLOOR HOOK BRACKET CUSHI,,,,,Batman,24/09/2020
AD-MR-IB,Draft,XCL,1799809,WIRE FRT HOOK GUIDE,,,,,Batman,24/09/2020
AD-MR-IB,Draft,XCL,1799802,WIRE FOAM SUPPORT VERT,,,,,Batman,24/09/2020
AD-MR-IB,Draft,XCL,3409489,MY17 HR SUPP GUIDE BRK,,,,,Batman,24/09/2020
AD-MR-IB,Draft,SPV,2358665-YYW,UPPER TRACK END CAP RH BLACK,,,,,Batman,24/09/2020
AD-MR-IB,Draft,SPV,2358664-YYW,UPPER TRACK END CAP LH BLACK,,,,,Batman,24/09/2020
AD-MR-IB,Draft,SPV,2238464-ZHE,TRACK COVER RH EBONY ,,,,,Batman,24/09/2020
AD-MR-IB,Draft,SPV,2238469-ZHE,TRACK COVER LH EBONY ,,,,,Batman,24/09/2020
AD-MR-IB,Draft,SPV,1797527-ZHE,SIDE VALANCE I/B RH EBONY,,,,,Batman,24/09/2020
AD-MR-IB,Draft,SPV,1797527-A06,SIDE VALANCE I/B RH RIVER ROCK,,,,,Batman,24/09/2020
AD-MR-IB,Draft,SPV,1797528-ZHE,SIDE VALANCE I/B LH EBONY,,,,,Batman,24/09/2020
AD-MR-IB,Draft,SPV,1797528-A06,SIDE VALANCE I/B LH RIVER ROCK,,,,,Batman,24/09/2020
AD-MR-IB,Draft,SPV,1978518-ZHE,RECLINER LEVER RH RAP EBONY,,,,,Batman,24/09/2020
AD-MR-IB,Draft,SPV,1978518,RECLINER LEVER RH RAP ,,,,,Batman,24/09/2020
AD-MR-IB,Draft,SPV,1848297-ZHE,RECLINER LEVER RH EBONY,,,,,Batman,24/09/2020
AD-MR-IB,Draft,SPV,1848297-A06,RECLINER LEVER RH RIVER ROCK,,,,,Batman,24/09/2020
AD-MR-IB,Draft,SPV,1978519-ZHE,RECLINER LEVER LH RAP EBONY,,,,,Batman,24/09/2020
AD-MR-IB,Draft,SPV,1978519,RECLINER LEVER LH RAP ,,,,,Batman,24/09/2020
AD-MR-IB,Draft,SPV,1848298-ZHE,RECLINER LEVER LH EBONY,,,,,Batman,24/09/2020
AD-MR-IB,Draft,SPV,1848298-A06,RECLINER LEVER LH RIVER ROCK,,,,,Batman,24/09/2020
AD-MR-IB,Draft,SPV,3024068-ZHE,RECLINER COVER OUTER 60% IB ASM EBONY,,,,,Batman,24/09/2020
AD-MR-IB,Draft,SPV,3024063-ZHE,RECLINER COVER OUTER 60% OB ASM EBONY,,,,,Batman,24/09/2020
AD-MR-IB,Draft,SPV,3024145-ZHE,RECLINER COVER OUTER 40% IB ASM EBONY,,,,,Batman,24/09/2020
AD-MR-IB,Draft,SPV,3024097-ZHE,RECLINER COVER OUTER 40% OB ASM EBONY,,,,,Batman,24/09/2020
AD-MR-IB,Draft,SPV,2360107,PLASTIC CLIP TILT ,,,,,Batman,24/09/2020
AD-MR-IB,Draft,SPV,1950525-ZHE,PIVOT COVER OB RH EBONY ,,,,,Batman,24/09/2020
AD-MR-IB,Draft,SPV,1950523-ZHE,PIVOT COVER OB LH EBONY ,,,,,Batman,24/09/2020
AD-MR-IB,Draft,SPV,1950523,PIVOT COVER OB LH ,,,,,Batman,24/09/2020
AD-MR-IB,Draft,SPV,2068897-ZHE,PIVOT COVER CAP RH EBONY ,,,,,Batman,24/09/2020
AD-MR-IB,Draft,SPV,2068897,PIVOT COVER CAP RH ,,,,,Batman,24/09/2020
AD-MR-IB,Draft,SPV,2068619-ZHE,PIVOT COVER CAP LH EBONY ,,,,,Batman,24/09/2020
AD-MR-IB,Draft,SPV,2068619,PIVOT COVER CAP LH ,,,,,Batman,24/09/2020
AD-MR-IB,Draft,SPV,1919285-ZHE,LUMBAR LEVER EBONY ,,,,,Batman,24/09/2020
AD-MR-IB,Draft,SPV,1919285-A06,LUMBAR LEVER  RIVER ROCK ,,,,,Batman,24/09/2020
AD-MR-IB,Draft,SPV,3185304-JA6,LOWER TRACK END CAP RH BLACK,,,,,Batman,24/09/2020
AD-MR-IB,Draft,SPV,3185305-JA6,LOWER TRACK END CAP LH BLACK,,,,,Batman,24/09/2020
AD-MR-IB,Draft,SPV,1895998-A06,LATCH LOWER BRACKET COVER LH IB RIVER ROCK,,,,,Batman,24/09/2020
AD-MR-IB,Draft,SPV,1798915,HOOK ASSEMBLY ,,,,,Batman,24/09/2020
AD-MR-IB,Draft,SPV,1798472-A06,HANDLE ASM SIDE REL LH RIVER ROCK,,,,,Batman,24/09/2020
AD-MR-IB,Draft,SPV,1863842,COVER CARGO HOOK ,,,,,Batman,24/09/2020
AD-MR-IB,Draft,SPV,1848595-YYW,CAP SIDEMEMBER BLACK ,,,,,Batman,24/09/2020
AD-MR-IB,Draft,SPV,2095438-ZHE,CAP RECLINER LEVER RH RAP EBONY,,,,,Batman,24/09/2020
AD-MR-IB,Draft,SPV,1979993-ZHE,CAP RECLINER LEVER RH EBONY,,,,,Batman,24/09/2020
AD-MR-IB,Draft,SPV,1979993-A06,CAP RECLINER LEVER RH RIVER ROCK,,,,,Batman,24/09/2020
AD-MR-IB,Draft,SPV,2095439-ZHE,CAP RECLINER LEVER LH RAP EBONY,,,,,Batman,24/09/2020
AD-MR-IB,Draft,SPV,1979994-ZHE,CAP RECLINER LEVER LH EBONY,,,,,Batman,24/09/2020
AD-MR-IB,Draft,SPV,1979994-A06,CAP RECLINER LEVER LH RIVER ROCK,,,,,Batman,24/09/2020
AD-MR-IB,Draft,SPV,1799778,ASSM BEZEL H/R GUIDE ,,,,,Batman,24/09/2020
AD-MR-IB,Draft,SPV,1799773,ASSM BEZEL H/R GUIDE ACTIVE,,,,,Batman,24/09/2020
AD-MR-IB,Draft,SPV,1920035-A06,ASM SIDE VALANCE LH RIVER ROCK,,,,,Batman,24/09/2020
AD-MR-IB,Draft,SPV,1798882-YYW,ASM BEZEL NON LOCKING BLACK,,,,,Batman,24/09/2020
AD-MR-IB,Draft,SPV,1798477-YYW,ASM BEZEL LOCKING BLACK ,,,,,Batman,24/09/2020
AD-MR-IB,Draft,SPV,2690907XA,HINGE COVER,,,,,Batman,24/09/2020
AD-MR-IB,Draft,NSG,3114726,ASM NON WOVEN BACK 40 DAMPENER,,,,,Batman,24/09/2020
AD-MR-IB,Draft,NSG,2780890,ASM NON WOVEN BACK 60 ,,,,,Batman,24/09/2020
AD-MR-IB,Draft,NSG,2684648,ASM NON WOVEN CUSHION 60 ,,,,,Batman,24/09/2020
AD-MR-IB,Draft,NSG,2684646,ASM NON WOVEN CUSHION 40 ,,,,,Batman,24/09/2020
AD-MR-IB,Draft,NSG,2684615,ASM NON WOVEN BACK 40 ,,,,,Batman,24/09/2020
AD-MR-IB,Draft,NSG,2682857,ASM NON WOVEN BACK ISOFIX 60,,,,,Batman,24/09/2020
AD-MR-IB,Draft,NSG,2667118,ASM NON WOVEN BACK LOWER ,,,,,Batman,24/09/2020
AD-MR-IB,Draft,NSG,2667113,ASM NON WOVEN CUSHION ,,,,,Batman,24/09/2020
AD-MR-IB,Draft,NSG,3898517,FSB NON SAB MESH REDBACK RH,,,,,Batman,24/09/2020
AD-MR-IB,Draft,NSG,3897947,FSB NON SAB MESH LH ,,,,,Batman,24/09/2020
AD-MR-IB,Draft,NSG,2206159,FLEECE RSC LONG ,,,,,Batman,24/09/2020
AD-MR-IB,Draft,NSG,2198339,FSC MANUAL PES FLEECE ,,,,,Batman,24/09/2020
AD-MR-IB,Draft,NSG,2012407,FSC POWER PES FLEECE ,,,,,Batman,24/09/2020
AD-MR-IB,Draft,NSG,1779825,REINFORCEMENT SIDE BOLSTER RECLINER,,,,,Batman,24/09/2020
AD-MR-IB,Draft,NSG,2198401,FSB NON SAB MESH RH ,,,,,Batman,24/09/2020
AD-MR-IB,Draft,NSG,2057927,FSB NON SAB MESH LH ,,,,,Batman,24/09/2020
AD-MR-IB,Draft,NSG,2644537,SUPPORTER-RR BACK 60% ,,,,,Batman,24/09/2020
AD-MR-IB,Draft,NSG,2644535,SUPPORTER-RR BACK 40% ,,,,,Batman,24/09/2020
AD-MR-IB,Draft,NSG,2644477,SUPPORTER-FR BACK WITH SAB LH,,,,,Batman,24/09/2020
AD-MR-IB,Draft,NSG,2644476,SUPPORTER-FR BACK WITH SAB RH,,,,,Batman,24/09/2020
AD-MR-IB,Draft,NSG,2644475,SUPPORTER-FR BACK LH ,,,,,Batman,24/09/2020
AD-MR-IB,Draft,NSG,2644474,SUPPORTER-FR BACK RH ,,,,,Batman,24/09/2020
AD-MR-IB,Draft,NSG,2644442,SUPPORTER-FR CUSHION LH ,,,,,Batman,24/09/2020
AD-MR-IB,Draft,NSG,2644441,SUPPORTER-FR CUSHION RH ,,,,,Batman,24/09/2020
AD-MR-IB,Draft,NSG,AS20503,CLOTH RR CUSHION UNDER ,,,,,Batman,24/09/2020
AD-MR-IB,Draft,NSG,AS20502,CLOTH RR CUSHION UNDER ,,,,,Batman,24/09/2020
AD-MR-IB,Draft,NSG,AS20501,CLOTH NO.3 SEAT CUSHION ,,,,,Batman,24/09/2020
AD-MR-IB,Draft,NSG,AS20500,CLOTH NO.3 SEAT CUSHION ,,,,,Batman,24/09/2020
AD-MR-IB,Draft,NSG,AS20442,BACKING CLOTH+MEGNETIC CARPET,,,,,Batman,24/09/2020
AD-MR-IB,Draft,NSG,AS20441,BACKING CLOTH+MEGNETIC CARPET,,,,,Batman,24/09/2020
AD-MR-IB,Draft,NSG,AS20440,BACKING CLOTH+MEGNETIC CARPET,,,,,Batman,24/09/2020
AD-MR-IB,Draft,NSG,AS20439,BACKING CLOTH+MEGNETIC CARPET,,,,,Batman,24/09/2020
AD-MR-IB,Draft,NSG,AS21210,CLOTH FR SEAT CUSH UNDER ,,,,,Batman,24/09/2020
AD-MR-IB,Draft,NSG,4491482-WH,SUPPORTER FR BACK MY20 ,,,,,Batman,24/09/2020
AD-MR-IB,Draft,NSG,4189126-WH,MY20 ASSY SUPPORTER FR CUSH POWER WITH MAGNET,,,,,Batman,24/09/2020
AD-MR-IB,Draft,NSG,3411182-WH,MY17 SUPPORTER BACK LH CTR HR,,,,,Batman,24/09/2020
AD-MR-IB,Draft,NSG,3146506-WH,ASSY SUPPORTER CUSHION LH,,,,,Batman,24/09/2020
AD-MR-IB,Draft,NSG,3146453-WH,ASSY SUPPORTER BACK RH ,,,,,Batman,24/09/2020
AD-MR-IB,Draft,NSG,3203273,ASSY SUPPORTER CUSH RH ,,,,,Batman,24/09/2020
AD-MR-IB,Draft,NSG,3203260,ASSY SUPPORTER BACK RH ,,,,,Batman,24/09/2020
AD-MR-IB,Draft,NSG,3145915,ASSY SUPPORTER CUSHION LH,,,,,Batman,24/09/2020
AD-MR-IB,Draft,NSG,4451427,FELT FSC MAN 6W 800G ,,,,,Batman,24/09/2020
AD-MR-IB,Draft,NSG,3125180,RSB foam back fabric support LH ENCAP(w/mgnt),,,,,Batman,24/09/2020
AD-MR-IB,Draft,NSG,3125078,RSB foam back fabric support RH ENCAP(w/mgnt),,,,,Batman,24/09/2020
AD-MR-IB,Draft,NSG,2779845,FSC SUPPORTTER MAN RH+ Magnet,,,,,Batman,24/09/2020
AD-MR-IB,Draft,NSG,2779844,FSC SUPPORTER MAN LH+ Magnet,,,,,Batman,24/09/2020
AD-MR-IB,Draft,NSG,2677544,SUPPORTER RSB LH supporter+Magnet,,,,,Batman,24/09/2020
AD-MR-IB,Draft,NSG,2550133,SUPPORTER RSB RH support+Magnet,,,,,Batman,24/09/2020
AD-MR-IB,Draft,NSG,2545881,SUPT FOAM CUSHION BENCH RH +Magnet,,,,,Batman,24/09/2020
AD-MR-IB,Draft,NSG,2545878,SUPT FOAM BACK BENCH RH+ Magnet,,,,,Batman,24/09/2020
AD-MR-IB,Draft,NSG,2522560,SUPPORTER FR BACK+Magnet (4P00 FLEECE),,,,,Batman,24/09/2020
AD-MR-IB,Draft,NSG,3858568,WORSTED CLOTH FR CUSH LH: KQ/AS,,,,,Batman,24/09/2020
AD-MR-IB,Draft,NSG,3780265,WORSTED CLOTH FR CUSH LH:KZ/AS,,,,,Batman,24/09/2020
AD-MR-IB,Draft,NSG,3780259,WORSTED CLOTH FR CUSH RH:VT/AS,,,,,Batman,24/09/2020
AD-MR-IB,Draft,NSG,3777795,WORSTED CLOTH FR CUSH RH:VT/AS,,,,,Batman,24/09/2020
AD-MR-IB,Draft,NSG,3770537,WOSTED CLOTH FR BACK LH SAB (US FRM),,,,,Batman,24/09/2020
AD-MR-IB,Draft,NSG,3770493,WOSTED CLOTH FR BACK RH SAB (US FRM),,,,,Batman,24/09/2020
AD-MR-IB,Draft,NSG,3660294,ASM WOSTED CLOTH FR BACK RH SAB,,,,,Batman,24/09/2020
AD-MR-IB,Draft,NSG,3660267,ASM WOSTED CLOTH FR BACK LH SAB,,,,,Batman,24/09/2020
AD-MR-IB,Draft,NSG,2837121,INSERT FELT LH ,,,,,Batman,24/09/2020
AD-MR-IB,Draft,NSG,2837120,INSERT FELT LH ,,,,,Batman,24/09/2020
AD-MR-IB,Draft,NSG,2836496,INSERT FELT RH ,,,,,Batman,24/09/2020
AD-MR-IB,Draft,NSG,2747226,ASM WOSTED CLOTH FR BACK LH SAB,,,,,Batman,24/09/2020
AD-MR-IB,Draft,NSG,2747225,ASM WOSTED CLOTH FR BACK RH SAB,,,,,Batman,24/09/2020
AD-MR-IB,Draft,NSG,2677444,INSERT FELT LH ,,,,,Batman,24/09/2020
AD-MR-IB,Draft,NSG,2677441,INSERT FELT RH ,,,,,Batman,24/09/2020
AD-MR-IB,Draft,NSG,2671889,INSERT FELT LH ,,,,,Batman,24/09/2020
AD-MR-IB,Draft,NSG,2671886,INSERT FELT LH ,,,,,Batman,24/09/2020
AD-MR-IB,Draft,NSG,2671866,INSERT FELT LH ,,,,,Batman,24/09/2020
AD-MR-IB,Draft,NSG,2671794,INSERT FELT RH ,,,,,Batman,24/09/2020
AD-MR-IB,Draft,NSG,2671777,INSERT FELT RH ,,,,,Batman,24/09/2020
AD-MR-IB,Draft,NSG,2666382,WORSTED CLOTH FR CUSH LH:KH/DR,,,,,Batman,24/09/2020
AD-MR-IB,Draft,NSG,2576775,WORSTED CLOTH FR CUSH LH:KJ/AS,,,,,Batman,24/09/2020
AD-MR-IB,Draft,NSG,2576774,WORSTED CLOTH FR CUSH RH:KJ/DR,,,,,Batman,24/09/2020
AD-MR-IB,Draft,NSG,2576723,ASM WOSTED CLOTH FR BACK LH SAB,,,,,Batman,24/09/2020
AD-MR-IB,Draft,NSG,2576719,ASM WOSTED CLOTH FR BACK ,,,,,Batman,24/09/2020
AD-MR-IB,Draft,NSG,2677447,INSERT FELT LH ,,,,,Batman,24/09/2020
AD-MR-IB,Draft,NSG,2677446,INSERT FELT LH ,,,,,Batman,24/09/2020
AD-MR-IB,Draft,NSG,AG160223-A,FELT ADHESIVE TAPE 55X25X2.5,,,,,Batman,24/09/2020
AD-MR-IB,Draft,NSG,3566268,SEAT OPERATIONAL LABEL ,,,,,Batman,24/09/2020
AD-MR-IB,Draft,NSG,2703306-IND,BOARD ASSY 3RD CUSH RH,,,,,Batman,24/09/2020
AD-MR-IB,Draft,NSG,2703301-IND,BOARD ASSY 3RD CUSH LH,,,,,Batman,24/09/2020
AD-MR-IB,Draft,NSG,2703277-IND,BOARD BACK RH,,,,,Batman,24/09/2020
AD-MR-IB,Draft,NSG,2703273-IND,BOARD BACK LH,,,,,Batman,24/09/2020
AD-MR-IB,Draft,NSG,3195958,REINFORCEMENT4*220*450MM,,,,,Batman,24/09/2020
AD-MR-IB,Draft,NSG,5134232-5A,PATTERN INSERT CER RC 60,,,,,Batman,24/09/2020
AD-MR-IB,Draft,NSG,5134231-5A,PATTERN INSERT UPR RC 60,,,,,Batman,24/09/2020
AD-MR-IB,Draft,NSG,5134230-5A,PATTERN INSERT CER RC 40,,,,,Batman,24/09/2020
AD-MR-IB,Draft,NSG,5134229-5A,PATTERN INSERT UPR RC 40,,,,,Batman,24/09/2020
AD-MR-IB,Draft,NSG,5134228-5A,PATTERN INSERT RB 60%,,,,,Batman,24/09/2020
AD-MR-IB,Draft,NSG,5134226-5A,PATTERN INSERT RB 40%,,,,,Batman,24/09/2020
AD-MR-IB,Draft,NSG,5134225-5A,PATTERN INSERT FRONT FC,,,,,Batman,24/09/2020
AD-MR-IB,Draft,NSG,5134224-5A,PATTERN INSERT CENTER FC,,,,,Batman,24/09/2020
AD-MR-IB,Draft,NSG,5134223-5A,PATTERN INSERT FB,,,,,Batman,24/09/2020
AD-MR-IB,Draft,AUN,2573658,ASM HR ROD 3D ROW,,,,,Batman,24/09/2020
AD-MR-IB,Draft,AUN,2571762,HR ROD 2ND ROW CTR ASM,,,,,Batman,24/09/2020
AD-MR-IB,Draft,AUN,2571758,HR ROD 2ND ROW OB ASM,,,,,Batman,24/09/2020
AD-MR-IB,Draft,AUN,1903977,FRAME ASM BACK,,,,,Batman,24/09/2020
AD-MR-IB,Draft,AUN,1799733,ASM HR FRAME OB,,,,,Batman,24/09/2020
AD-MR-IB,Draft,AUN,1799590,FRAME ASM CUSHION WELDE,,,,,Batman,24/09/2020
AD-MR-IB,Draft,AUN,1534312,FRONT HEADREST FRAME,,,,,Batman,24/09/2020
AD-MR-IB,Draft,AUN,1798873,DETACHABLE WIRE ASM RH,,,,,Batman,24/09/2020
AD-MR-IB,Draft,AUN,1798591,DETACHABLE WIRE ASM LH,,,,,Batman,24/09/2020
AD-MR-IB,Draft,AUN,2703534,HR STAY PIPE ASSY,,,,,Batman,24/09/2020
AD-MR-IB,Draft,AUN,3101731,ASSY FRM-HRST FR SLIM,,,,,Batman,24/09/2020
AD-MR-IB,Draft,AUN,2592941,ASSY STAY-HRST CTR,,,,,Batman,24/09/2020
AD-MR-IB,Draft,AUN,2522369,STAY-HRST SIDE,,,,,Batman,24/09/2020
AD-MR-IB,Draft,AUN,2522352,FRM HRST FR SEAT,,,,,Batman,24/09/2020
AD-MR-IB,Draft,AUN,2004708,FSC SUSPENSION MAT ,,,,,Batman,24/09/2020
AD-MR-IB,Draft,AUN,2690906,STRIKER NOT COATING,,,,,Batman,24/09/2020
AD-MR-IB,Draft,AUN,2590772,STRIKER ASSY 2PT BELT,,,,,Batman,24/09/2020
AD-MR-IB,Draft,AUN,2590764,STRIKER ASSY 3PT BELT,,,,,Batman,24/09/2020
AD-MR-IB,Draft,AUN,2572574,REINFORCEMENT PIPE,,,,,Batman,24/09/2020
AD-MR-IB,Draft,AUN,2528053,WIRE RELEASE,,,,,Batman,24/09/2020
AD-MR-IB,Draft,AUN,2604810,SIDE PIPE BACK FR LH/RH,,,,,Batman,24/09/2020
AD-MR-IB,Draft,AUN,1799719,TUBE ARMREST SUPPORT,,,,,Batman,24/09/2020
AD-MR-IB,Draft,AUN,1950436,CUB HOLDER SUPPORT WIRE,,,,,Batman,24/09/2020
AD-MR-IB,Draft,AUN,3358049,ISO WIRE CTR RR BACK,,,,,Batman,24/09/2020
AD-MR-IB,Draft,AUN,2622074,CTR PIPE LH R/C,,,,,Batman,24/09/2020
AD-MR-IB,Draft,AUN,2481889,RAW TUBE FR 4WAY,,,,,Batman,24/09/2020
AD-MR-IB,Draft,AUN,2481888,RAW TUBE RR 4WAY,,,,,Batman,24/09/2020
AD-MR-IB,Draft,AUN,2522758,S-SPRG A,,,,,Batman,24/09/2020
AD-MR-IB,Draft,AUN,2621911,LWR PIPE LH RR BACK,,,,,Batman,24/09/2020
AD-MR-IB,Draft,AUN,2671906,LWR PIPE LH RR BACK,,,,,Batman,24/09/2020
AD-MR-IB,Draft,AUN,1799703,WIRE BACK FOAM SUPPORT L,,,,,Batman,24/09/2020
AD-MR-IB,Draft,AUN,2522755,SUPPORT WIRE,,,,,Batman,24/09/2020
AD-MR-IB,Draft,AUN,2753437,LOWER TUBE BACK,,,,,Batman,24/09/2020
AD-MR-IB,Draft,AUN,2522749,TUBE UPR FR BACK,,,,,Batman,24/09/2020
AD-MR-IB,Draft,AUN,3073511,ASM UPPER TUBE FRONTBACK RH,,,,,Batman,24/09/2020
AD-MR-IB,Draft,AUN,3073507,ASM UPPER TUBE FRONTBACK LH,,,,,Batman,24/09/2020
AD-MR-IB,Draft,AUN,2580699,ARMREST PIVOT ROD,,,,,Batman,24/09/2020
AD-MR-IB,Draft,AUN,2522711,SUPT WIRE BACK B,,,,,Batman,24/09/2020
AD-MR-IB,Draft,AUN,2596596,TRIM WIRE LOWER,,,,,Batman,24/09/2020
AD-MR-IB,Draft,AUN,2606657,TRIM WIRE VERTICAL,,,,,Batman,24/09/2020
AD-MR-IB,Draft,AUN,2687026,SUPT WIRE AR 2PT BELT,,,,,Batman,24/09/2020
AD-MR-IB,Draft,AUN,2545213,False,,,,,Batman,24/09/2020
AD-MR-IB,Draft,AUN,2545170,TRIM WIRE UPR CTR,,,,,Batman,24/09/2020
AD-MR-IB,Draft,AUN,2768859,FOAM SUPPORT WIRE LOWER,,,,,Batman,24/09/2020
AD-MR-IB,Draft,AUN,2783891,ISOFIX WIRE INNER,,,,,Batman,24/09/2020
AD-MR-IB,Draft,AUN,2689984,ISOFIX WIRE OUTER,,,,,Batman,24/09/2020
AD-MR-IB,Draft,AUN,2697289,TUBE CONNECTOR BRACKET,,,,,Batman,24/09/2020
AD-MR-IB,Draft,AUN,2521967,HINGE BRKT ASSY RR BACKINR RH,,,,,Batman,24/09/2020
AD-MR-IB,Draft,AUN,2626632,BRKT RR BACK INR,,,,,Batman,24/09/2020
AD-MR-IB,Draft,AUN,2924787,BACK Trim SUPPORT WIREDIA 7 mm,,,,,Batman,24/09/2020
AD-MR-IB,Draft,AUN,2888990,WIRE FOAM SUPPORT OTRFSC BENCH,,,,,Batman,24/09/2020
AD-MR-IB,Draft,AUN,2526402,MTG BRKT FR INR,,,,,Batman,24/09/2020
AD-MR-IB,Draft,AUN,2526378,MTG BRKT FR OTR,,,,,Batman,24/09/2020
AD-MR-IB,Draft,AUN,2888617,WIRE CUSH SUPPORT RH,,,,,Batman,24/09/2020
AD-MR-IB,Draft,AUN,2526225,DEVICE BRACKET ASSYOTR RH,,,,,Batman,24/09/2020
AD-MR-IB,Draft,AUN,2526503,CUSHION BRACKET IB RH,,,,,Batman,24/09/2020
AD-MR-IB,Draft,AUN,2526287,MTG BRKT RR INR RH ASM,,,,,Batman,24/09/2020
AD-MR-IB,Draft,AUN,2626523,ASSY MGT BRKT RR OTR RH,,,,,Batman,24/09/2020
AD-MR-IB,Draft,AUN,2626467,SUPPOUT WIRE WIDTHSIDE RH,,,,,Batman,24/09/2020
AD-MR-IB,Draft,AUN,2554130,ASSY MGT BRKT RR OTR LH,,,,,Batman,24/09/2020
AD-MR-IB,Draft,AUN,2626650,SUPPOUT WIRE OTR B,,,,,Batman,24/09/2020
AD-MR-IB,Draft,AUN,2622036,LWR PIPE RH RR BACK,,,,,Batman,24/09/2020
AD-MR-IB,Draft,AUN,2622035,MAIN PIPE RH RR BACK,,,,,Batman,24/09/2020
AD-MR-IB,Draft,AUN,1950493,WIRE FOAM SUPPORT HORIZO,,,,,Batman,24/09/2020
AD-MR-IB,Draft,AUN,2690368,BACK FRAME TUBE 40,,,,,Batman,24/09/2020
AD-MR-IB,Draft,AUN,2689629,BACK FRAME TUBE WITH CTRHR,,,,,Batman,24/09/2020
AD-MR-IB,Draft,AUN,2596606,CUSH WIRE -A LH,,,,,Batman,24/09/2020
AD-MR-IB,Draft,AUN,2545195,CUSH WIRE-E,,,,,Batman,24/09/2020
AD-MR-IB,Draft,AUN,2522363,CUSH WIRE -D,,,,,Batman,24/09/2020
AD-MR-IB,Draft,AUN,2522360,CUSH WIRE -C,,,,,Batman,24/09/2020
AD-MR-IB,Draft,AUN,2522359,CUSH WIRE -B,,,,,Batman,24/09/2020
AD-MR-IB,Draft,AUN,2522356,CUSH WIRE -A RH,,,,,Batman,24/09/2020
AD-MR-IB,Draft,AUN,2626450,PIPE SUB-ASSY CUSH RH,,,,,Batman,24/09/2020
AD-MR-IB,Draft,AUN,3061037,ASM WIRE SUPPORTFSC FRM BENCH RH,,,,,Batman,24/09/2020
AD-MR-IB,Draft,AUN,3058246,ASM WIRE SUPPORTFSB FRM BENCH,,,,,Batman,24/09/2020
AD-MR-IB,Draft,AUN,2521952,MAIN PIPE BACK FR LH/RH,,,,,Batman,24/09/2020
AD-MR-IB,Draft,AUN,2622247,TUBE ASSY UPR RR SEATBACK 2PT BELT,,,,,Batman,24/09/2020
AD-MR-IB,Draft,AUN,2597418,VERTICAL PIPE A/R 2PT,,,,,Batman,24/09/2020
AD-MR-IB,Draft,AUN,2549013,TUBE LWR RR SEAT BACK2PT BELT,,,,,Batman,24/09/2020
AD-MR-IB,Draft,AUN,2606583,TUBE ASSY UPR RR SEATBACK 3PT BELT,,,,,Batman,24/09/2020
AD-MR-IB,Draft,AUN,2521828,VERTICAL PIPE A/R 2,,,,,Batman,24/09/2020
AD-MR-IB,Draft,AUN,2521825,VERTICAL PIPE A/R 1,,,,,Batman,24/09/2020
AD-MR-IB,Draft,AUN,2521817,TUBE LWR RR SEAT BACK,,,,,Batman,24/09/2020
AD-MR-IB,Draft,AUN,2621913,CTR PIPE LH RR BACK,,,,,Batman,24/09/2020
AD-MR-IB,Draft,AUN,2621906,MAIN PIPE LH RR BACK,,,,,Batman,24/09/2020
